v1,v2,v3,v4,v5,v6,v7,v8,v9,v10,v11,v12,v13,v14,v15,v16,v17,v18,v19,v20,v21,v22,v23,v24,v25,v26,v27,v28,v29,v30,v31,v32,v33,v34,v35,v36,v37,v38,v39,v40
r1c1,r1c2,r1c3,r1c4,r1c5,r1c6,r1c7,r1c8,r1c9,r1c10,r1c11,r1c12,r1c13,r1c14,r1c15,r1c16,r1c17,r1c18,r1c19,r1c20,r1c21,r1c22,r1c23,r1c24,r1c25,r1c26,r1c27,r1c28,r1c29,r1c30,r1c31,r1c32,r1c33,r1c34,r1c35,r1c36,r1c37,r1c38,r1c39,r1c40
r2c1,r2c2,r2c3,r2c4,r2c5,r2c6,r2c7,r2c8,r2c9,r2c10,r2c11,r2c12,r2c13,r2c14,r2c15,r2c16,r2c17,r2c18,r2c19,r2c20,r2c21,r2c22,r2c23,r2c24,r2c25,r2c26,r2c27,r2c28,r2c29,r2c30,r2c31,r2c32,r2c33,r2c34,r2c35,r2c36,r2c37,r2c38,r2c39,r2c40
r3c1,r3c2,r3c3,r3c4,r3c5,r3c6,r3c7,r3c8,r3c9,r3c10,r3c11,r3c12,r3c13,r3c14,r3c15,r3c16,r3c17,r3c18,r3c19,r3c20,r3c21,r3c22,r3c23,r3c24,r3c25,r3c26,r3c27,r3c28,r3c29,r3c30,r3c31,r3c32,r3c33,r3c34,r3c35,r3c36,r3c37,r3c38,r3c39,r3c40
r4c1,r4c2,r4c3,r4c4,r4c5,r4c6,r4c7,r4c8,r4c9,r4c10,r4c11,r4c12,r4c13,r4c14,r4c15,r4c16,r4c17,r4c18,r4c19,r4c20,r4c21,r4c22,r4c23,r4c24,r4c25,r4c26,r4c27,r4c28,r4c29,r4c30,r4c31,r4c32,r4c33,r4c34,r4c35,r4c36,r4c37,r4c38,r4c39,r4c40
r5c1,r5c2,r5c3,r5c4,r5c5,r5c6,r5c7,r5c8,r5c9,r5c10,r5c11,r5c12,r5c13,r5c14,r5c15,r5c16,r5c17,r5c18,r5c19,r5c20,r5c21,r5c22,r5c23,r5c24,r5c25,r5c26,r5c27,r5c28,r5c29,r5c30,r5c31,r5c32,r5c33,r5c34,r5c35,r5c36,r5c37,r5c38,r5c39,r5c40
r6c1,r6c2,r6c3,r6c4,r6c5,r6c6,r6c7,r6c8,r6c9,r6c10,r6c11,r6c12,r6c13,r6c14,r6c15,r6c16,r6c17,r6c18,r6c19,r6c20,r6c21,r6c22,r6c23,r6c24,r6c25,r6c26,r6c27,r6c28,r6c29,r6c30,r6c31,r6c32,r6c33,r6c34,r6c35,r6c36,r6c37,r6c38,r6c39,r6c40
r7c1,r7c2,r7c3,r7c4,r7c5,r7c6,r7c7,r7c8,r7c9,r7c10,r7c11,r7c12,r7c13,r7c14,r7c15,r7c16,r7c17,r7c18,r7c19,r7c20,r7c21,r7c22,r7c23,r7c24,r7c25,r7c26,r7c27,r7c28,r7c29,r7c30,r7c31,r7c32,r7c33,r7c34,r7c35,r7c36,r7c37,r7c38,r7c39,r7c40
r8c1,r8c2,r8c3,r8c4,r8c5,r8c6,r8c7,r8c8,r8c9,r8c10,r8c11,r8c12,r8c13,r8c14,r8c15,r8c16,r8c17,r8c18,r8c19,r8c20,r8c21,r8c22,r8c23,r8c24,r8c25,r8c26,r8c27,r8c28,r8c29,r8c30,r8c31,r8c32,r8c33,r8c34,r8c35,r8c36,r8c37,r8c38,r8c39,r8c40
r9c1,r9c2,r9c3,r9c4,r9c5,r9c6,r9c7,r9c8,r9c9,r9c10,r9c11,r9c12,r9c13,r9c14,r9c15,r9c16,r9c17,r9c18,r9c19,r9c20,r9c21,r9c22,r9c23,r9c24,r9c25,r9c26,r9c27,r9c28,r9c29,r9c30,r9c31,r9c32,r9c33,r9c34,r9c35,r9c36,r9c37,r9c38,r9c39,r9c40
r10c1,r10c2,r10c3,r10c4,r10c5,r10c6,r10c7,r10c8,r10c9,r10c10,r10c11,r10c12,r10c13,r10c14,r10c15,r10c16,r10c17,r10c18,r10c19,r10c20,r10c21,r10c22,r10c23,r10c24,r10c25,r10c26,r10c27,r10c28,r10c29,r10c30,r10c31,r10c32,r10c33,r10c34,r10c35,r10c36,r10c37,r10c38,r10c39,r10c40
r11c1,r11c2,r11c3,r11c4,r11c5,r11c6,r11c7,r11c8,r11c9,r11c10,r11c11,r11c12,r11c13,r11c14,r11c15,r11c16,r11c17,r11c18,r11c19,r11c20,r11c21,r11c22,r11c23,r11c24,r11c25,r11c26,r11c27,r11c28,r11c29,r11c30,r11c31,r11c32,r11c33,r11c34,r11c35,r11c36,r11c37,r11c38,r11c39,r11c40
r12c1,r12c2,r12c3,r12c4,r12c5,r12c6,r12c7,r12c8,r12c9,r12c10,r12c11,r12c12,r12c13,r12c14,r12c15,r12c16,r12c17,r12c18,r12c19,r12c20,r12c21,r12c22,r12c23,r12c24,r12c25,r12c26,r12c27,r12c28,r12c29,r12c30,r12c31,r12c32,r12c33,r12c34,r12c35,r12c36,r12c37,r12c38,r12c39,r12c40
r13c1,r13c2,r13c3,r13c4,r13c5,r13c6,r13c7,r13c8,r13c9,r13c10,r13c11,r13c12,r13c13,r13c14,r13c15,r13c16,r13c17,r13c18,r13c19,r13c20,r13c21,r13c22,r13c23,r13c24,r13c25,r13c26,r13c27,r13c28,r13c29,r13c30,r13c31,r13c32,r13c33,r13c34,r13c35,r13c36,r13c37,r13c38,r13c39,r13c40
r14c1,r14c2,r14c3,r14c4,r14c5,r14c6,r14c7,r14c8,r14c9,r14c10,r14c11,r14c12,r14c13,r14c14,r14c15,r14c16,r14c17,r14c18,r14c19,r14c20,r14c21,r14c22,r14c23,r14c24,r14c25,r14c26,r14c27,r14c28,r14c29,r14c30,r14c31,r14c32,r14c33,r14c34,r14c35,r14c36,r14c37,r14c38,r14c39,r14c40
r15c1,r15c2,r15c3,r15c4,r15c5,r15c6,r15c7,r15c8,r15c9,r15c10,r15c11,r15c12,r15c13,r15c14,r15c15,r15c16,r15c17,r15c18,r15c19,r15c20,r15c21,r15c22,r15c23,r15c24,r15c25,r15c26,r15c27,r15c28,r15c29,r15c30,r15c31,r15c32,r15c33,r15c34,r15c35,r15c36,r15c37,r15c38,r15c39,r15c40
r16c1,r16c2,r16c3,r16c4,r16c5,r16c6,r16c7,r16c8,r16c9,r16c10,r16c11,r16c12,r16c13,r16c14,r16c15,r16c16,r16c17,r16c18,r16c19,r16c20,r16c21,r16c22,r16c23,r16c24,r16c25,r16c26,r16c27,r16c28,r16c29,r16c30,r16c31,r16c32,r16c33,r16c34,r16c35,r16c36,r16c37,r16c38,r16c39,r16c40
r17c1,r17c2,r17c3,r17c4,r17c5,r17c6,r17c7,r17c8,r17c9,r17c10,r17c11,r17c12,r17c13,r17c14,r17c15,r17c16,r17c17,r17c18,r17c19,r17c20,r17c21,r17c22,r17c23,r17c24,r17c25,r17c26,r17c27,r17c28,r17c29,r17c30,r17c31,r17c32,r17c33,r17c34,r17c35,r17c36,r17c37,r17c38,r17c39,r17c40
r18c1,r18c2,r18c3,r18c4,r18c5,r18c6,r18c7,r18c8,r18c9,r18c10,r18c11,r18c12,r18c13,r18c14,r18c15,r18c16,r18c17,r18c18,r18c19,r18c20,r18c21,r18c22,r18c23,r18c24,r18c25,r18c26,r18c27,r18c28,r18c29,r18c30,r18c31,r18c32,r18c33,r18c34,r18c35,r18c36,r18c37,r18c38,r18c39,r18c40
r19c1,r19c2,r19c3,r19c4,r19c5,r19c6,r19c7,r19c8,r19c9,r19c10,r19c11,r19c12,r19c13,r19c14,r19c15,r19c16,r19c17,r19c18,r19c19,r19c20,r19c21,r19c22,r19c23,r19c24,r19c25,r19c26,r19c27,r19c28,r19c29,r19c30,r19c31,r19c32,r19c33,r19c34,r19c35,r19c36,r19c37,r19c38,r19c39,r19c40
r20c1,r20c2,r20c3,r20c4,r20c5,r20c6,r20c7,r20c8,r20c9,r20c10,r20c11,r20c12,r20c13,r20c14,r20c15,r20c16,r20c17,r20c18,r20c19,r20c20,r20c21,r20c22,r20c23,r20c24,r20c25,r20c26,r20c27,r20c28,r20c29,r20c30,r20c31,r20c32,r20c33,r20c34,r20c35,r20c36,r20c37,r20c38,r20c39,r20c40
r21c1,r21c2,r21c3,r21c4,r21c5,r21c6,r21c7,r21c8,r21c9,r21c10,r21c11,r21c12,r21c13,r21c14,r21c15,r21c16,r21c17,r21c18,r21c19,r21c20,r21c21,r21c22,r21c23,r21c24,r21c25,r21c26,r21c27,r21c28,r21c29,r21c30,r21c31,r21c32,r21c33,r21c34,r21c35,r21c36,r21c37,r21c38,r21c39,r21c40
r22c1,r22c2,r22c3,r22c4,r22c5,r22c6,r22c7,r22c8,r22c9,r22c10,r22c11,r22c12,r22c13,r22c14,r22c15,r22c16,r22c17,r22c18,r22c19,r22c20,r22c21,r22c22,r22c23,r22c24,r22c25,r22c26,r22c27,r22c28,r22c29,r22c30,r22c31,r22c32,r22c33,r22c34,r22c35,r22c36,r22c37,r22c38,r22c39,r22c40
r23c1,r23c2,r23c3,r23c4,r23c5,r23c6,r23c7,r23c8,r23c9,r23c10,r23c11,r23c12,r23c13,r23c14,r23c15,r23c16,r23c17,r23c18,r23c19,r23c20,r23c21,r23c22,r23c23,r23c24,r23c25,r23c26,r23c27,r23c28,r23c29,r23c30,r23c31,r23c32,r23c33,r23c34,r23c35,r23c36,r23c37,r23c38,r23c39,r23c40
r24c1,r24c2,r24c3,r24c4,r24c5,r24c6,r24c7,r24c8,r24c9,r24c10,r24c11,r24c12,r24c13,r24c14,r24c15,r24c16,r24c17,r24c18,r24c19,r24c20,r24c21,r24c22,r24c23,r24c24,r24c25,r24c26,r24c27,r24c28,r24c29,r24c30,r24c31,r24c32,r24c33,r24c34,r24c35,r24c36,r24c37,r24c38,r24c39,r24c40
r25c1,r25c2,r25c3,r25c4,r25c5,r25c6,r25c7,r25c8,r25c9,r25c10,r25c11,r25c12,r25c13,r25c14,r25c15,r25c16,r25c17,r25c18,r25c19,r25c20,r25c21,r25c22,r25c23,r25c24,r25c25,r25c26,r25c27,r25c28,r25c29,r25c30,r25c31,r25c32,r25c33,r25c34,r25c35,r25c36,r25c37,r25c38,r25c39,r25c40
r26c1,r26c2,r26c3,r26c4,r26c5,r26c6,r26c7,r26c8,r26c9,r26c10,r26c11,r26c12,r26c13,r26c14,r26c15,r26c16,r26c17,r26c18,r26c19,r26c20,r26c21,r26c22,r26c23,r26c24,r26c25,r26c26,r26c27,r26c28,r26c29,r26c30,r26c31,r26c32,r26c33,r26c34,r26c35,r26c36,r26c37,r26c38,r26c39,r26c40
r27c1,r27c2,r27c3,r27c4,r27c5,r27c6,r27c7,r27c8,r27c9,r27c10,r27c11,r27c12,r27c13,r27c14,r27c15,r27c16,r27c17,r27c18,r27c19,r27c20,r27c21,r27c22,r27c23,r27c24,r27c25,r27c26,r27c27,r27c28,r27c29,r27c30,r27c31,r27c32,r27c33,r27c34,r27c35,r27c36,r27c37,r27c38,r27c39,r27c40
r28c1,r28c2,r28c3,r28c4,r28c5,r28c6,r28c7,r28c8,r28c9,r28c10,r28c11,r28c12,r28c13,r28c14,r28c15,r28c16,r28c17,r28c18,r28c19,r28c20,r28c21,r28c22,r28c23,r28c24,r28c25,r28c26,r28c27,r28c28,r28c29,r28c30,r28c31,r28c32,r28c33,r28c34,r28c35,r28c36,r28c37,r28c38,r28c39,r28c40
r29c1,r29c2,r29c3,r29c4,r29c5,r29c6,r29c7,r29c8,r29c9,r29c10,r29c11,r29c12,r29c13,r29c14,r29c15,r29c16,r29c17,r29c18,r29c19,r29c20,r29c21,r29c22,r29c23,r29c24,r29c25,r29c26,r29c27,r29c28,r29c29,r29c30,r29c31,r29c32,r29c33,r29c34,r29c35,r29c36,r29c37,r29c38,r29c39,r29c40
r30c1,r30c2,r30c3,r30c4,r30c5,r30c6,r30c7,r30c8,r30c9,r30c10,r30c11,r30c12,r30c13,r30c14,r30c15,r30c16,r30c17,r30c18,r30c19,r30c20,r30c21,r30c22,r30c23,r30c24,r30c25,r30c26,r30c27,r30c28,r30c29,r30c30,r30c31,r30c32,r30c33,r30c34,r30c35,r30c36,r30c37,r30c38,r30c39,r30c40
r31c1,r31c2,r31c3,r31c4,r31c5,r31c6,r31c7,r31c8,r31c9,r31c10,r31c11,r31c12,r31c13,r31c14,r31c15,r31c16,r31c17,r31c18,r31c19,r31c20,r31c21,r31c22,r31c23,r31c24,r31c25,r31c26,r31c27,r31c28,r31c29,r31c30,r31c31,r31c32,r31c33,r31c34,r31c35,r31c36,r31c37,r31c38,r31c39,r31c40
r32c1,r32c2,r32c3,r32c4,r32c5,r32c6,r32c7,r32c8,r32c9,r32c10,r32c11,r32c12,r32c13,r32c14,r32c15,r32c16,r32c17,r32c18,r32c19,r32c20,r32c21,r32c22,r32c23,r32c24,r32c25,r32c26,r32c27,r32c28,r32c29,r32c30,r32c31,r32c32,r32c33,r32c34,r32c35,r32c36,r32c37,r32c38,r32c39,r32c40
r33c1,r33c2,r33c3,r33c4,r33c5,r33c6,r33c7,r33c8,r33c9,r33c10,r33c11,r33c12,r33c13,r33c14,r33c15,r33c16,r33c17,r33c18,r33c19,r33c20,r33c21,r33c22,r33c23,r33c24,r33c25,r33c26,r33c27,r33c28,r33c29,r33c30,r33c31,r33c32,r33c33,r33c34,r33c35,r33c36,r33c37,r33c38,r33c39,r33c40
r34c1,r34c2,r34c3,r34c4,r34c5,r34c6,r34c7,r34c8,r34c9,r34c10,r34c11,r34c12,r34c13,r34c14,r34c15,r34c16,r34c17,r34c18,r34c19,r34c20,r34c21,r34c22,r34c23,r34c24,r34c25,r34c26,r34c27,r34c28,r34c29,r34c30,r34c31,r34c32,r34c33,r34c34,r34c35,r34c36,r34c37,r34c38,r34c39,r34c40
r35c1,r35c2,r35c3,r35c4,r35c5,r35c6,r35c7,r35c8,r35c9,r35c10,r35c11,r35c12,r35c13,r35c14,r35c15,r35c16,r35c17,r35c18,r35c19,r35c20,r35c21,r35c22,r35c23,r35c24,r35c25,r35c26,r35c27,r35c28,r35c29,r35c30,r35c31,r35c32,r35c33,r35c34,r35c35,r35c36,r35c37,r35c38,r35c39,r35c40
r36c1,r36c2,r36c3,r36c4,r36c5,r36c6,r36c7,r36c8,r36c9,r36c10,r36c11,r36c12,r36c13,r36c14,r36c15,r36c16,r36c17,r36c18,r36c19,r36c20,r36c21,r36c22,r36c23,r36c24,r36c25,r36c26,r36c27,r36c28,r36c29,r36c30,r36c31,r36c32,r36c33,r36c34,r36c35,r36c36,r36c37,r36c38,r36c39,r36c40
r37c1,r37c2,r37c3,r37c4,r37c5,r37c6,r37c7,r37c8,r37c9,r37c10,r37c11,r37c12,r37c13,r37c14,r37c15,r37c16,r37c17,r37c18,r37c19,r37c20,r37c21,r37c22,r37c23,r37c24,r37c25,r37c26,r37c27,r37c28,r37c29,r37c30,r37c31,r37c32,r37c33,r37c34,r37c35,r37c36,r37c37,r37c38,r37c39,r37c40
r38c1,r38c2,r38c3,r38c4,r38c5,r38c6,r38c7,r38c8,r38c9,r38c10,r38c11,r38c12,r38c13,r38c14,r38c15,r38c16,r38c17,r38c18,r38c19,r38c20,r38c21,r38c22,r38c23,r38c24,r38c25,r38c26,r38c27,r38c28,r38c29,r38c30,r38c31,r38c32,r38c33,r38c34,r38c35,r38c36,r38c37,r38c38,r38c39,r38c40
r39c1,r39c2,r39c3,r39c4,r39c5,r39c6,r39c7,r39c8,r39c9,r39c10,r39c11,r39c12,r39c13,r39c14,r39c15,r39c16,r39c17,r39c18,r39c19,r39c20,r39c21,r39c22,r39c23,r39c24,r39c25,r39c26,r39c27,r39c28,r39c29,r39c30,r39c31,r39c32,r39c33,r39c34,r39c35,r39c36,r39c37,r39c38,r39c39,r39c40
r40c1,r40c2,r40c3,r40c4,r40c5,r40c6,r40c7,r40c8,r40c9,r40c10,r40c11,r40c12,r40c13,r40c14,r40c15,r40c16,r40c17,r40c18,r40c19,r40c20,r40c21,r40c22,r40c23,r40c24,r40c25,r40c26,r40c27,r40c28,r40c29,r40c30,r40c31,r40c32,r40c33,r40c34,r40c35,r40c36,r40c37,r40c38,r40c39,r40c40
r41c1,r41c2,r41c3,r41c4,r41c5,r41c6,r41c7,r41c8,r41c9,r41c10,r41c11,r41c12,r41c13,r41c14,r41c15,r41c16,r41c17,r41c18,r41c19,r41c20,r41c21,r41c22,r41c23,r41c24,r41c25,r41c26,r41c27,r41c28,r41c29,r41c30,r41c31,r41c32,r41c33,r41c34,r41c35,r41c36,r41c37,r41c38,r41c39,r41c40
r42c1,r42c2,r42c3,r42c4,r42c5,r42c6,r42c7,r42c8,r42c9,r42c10,r42c11,r42c12,r42c13,r42c14,r42c15,r42c16,r42c17,r42c18,r42c19,r42c20,r42c21,r42c22,r42c23,r42c24,r42c25,r42c26,r42c27,r42c28,r42c29,r42c30,r42c31,r42c32,r42c33,r42c34,r42c35,r42c36,r42c37,r42c38,r42c39,r42c40
r43c1,r43c2,r43c3,r43c4,r43c5,r43c6,r43c7,r43c8,r43c9,r43c10,r43c11,r43c12,r43c13,r43c14,r43c15,r43c16,r43c17,r43c18,r43c19,r43c20,r43c21,r43c22,r43c23,r43c24,r43c25,r43c26,r43c27,r43c28,r43c29,r43c30,r43c31,r43c32,r43c33,r43c34,r43c35,r43c36,r43c37,r43c38,r43c39,r43c40
r44c1,r44c2,r44c3,r44c4,r44c5,r44c6,r44c7,r44c8,r44c9,r44c10,r44c11,r44c12,r44c13,r44c14,r44c15,r44c16,r44c17,r44c18,r44c19,r44c20,r44c21,r44c22,r44c23,r44c24,r44c25,r44c26,r44c27,r44c28,r44c29,r44c30,r44c31,r44c32,r44c33,r44c34,r44c35,r44c36,r44c37,r44c38,r44c39,r44c40
r45c1,r45c2,r45c3,r45c4,r45c5,r45c6,r45c7,r45c8,r45c9,r45c10,r45c11,r45c12,r45c13,r45c14,r45c15,r45c16,r45c17,r45c18,r45c19,r45c20,r45c21,r45c22,r45c23,r45c24,r45c25,r45c26,r45c27,r45c28,r45c29,r45c30,r45c31,r45c32,r45c33,r45c34,r45c35,r45c36,r45c37,r45c38,r45c39,r45c40
r46c1,r46c2,r46c3,r46c4,r46c5,r46c6,r46c7,r46c8,r46c9,r46c10,r46c11,r46c12,r46c13,r46c14,r46c15,r46c16,r46c17,r46c18,r46c19,r46c20,r46c21,r46c22,r46c23,r46c24,r46c25,r46c26,r46c27,r46c28,r46c29,r46c30,r46c31,r46c32,r46c33,r46c34,r46c35,r46c36,r46c37,r46c38,r46c39,r46c40
r47c1,r47c2,r47c3,r47c4,r47c5,r47c6,r47c7,r47c8,r47c9,r47c10,r47c11,r47c12,r47c13,r47c14,r47c15,r47c16,r47c17,r47c18,r47c19,r47c20,r47c21,r47c22,r47c23,r47c24,r47c25,r47c26,r47c27,r47c28,r47c29,r47c30,r47c31,r47c32,r47c33,r47c34,r47c35,r47c36,r47c37,r47c38,r47c39,r47c40
r48c1,r48c2,r48c3,r48c4,r48c5,r48c6,r48c7,r48c8,r48c9,r48c10,r48c11,r48c12,r48c13,r48c14,r48c15,r48c16,r48c17,r48c18,r48c19,r48c20,r48c21,r48c22,r48c23,r48c24,r48c25,r48c26,r48c27,r48c28,r48c29,r48c30,r48c31,r48c32,r48c33,r48c34,r48c35,r48c36,r48c37,r48c38,r48c39,r48c40
r49c1,r49c2,r49c3,r49c4,r49c5,r49c6,r49c7,r49c8,r49c9,r49c10,r49c11,r49c12,r49c13,r49c14,r49c15,r49c16,r49c17,r49c18,r49c19,r49c20,r49c21,r49c22,r49c23,r49c24,r49c25,r49c26,r49c27,r49c28,r49c29,r49c30,r49c31,r49c32,r49c33,r49c34,r49c35,r49c36,r49c37,r49c38,r49c39,r49c40
r50c1,r50c2,r50c3,r50c4,r50c5,r50c6,r50c7,r50c8,r50c9,r50c10,r50c11,r50c12,r50c13,r50c14,r50c15,r50c16,r50c17,r50c18,r50c19,r50c20,r50c21,r50c22,r50c23,r50c24,r50c25,r50c26,r50c27,r50c28,r50c29,r50c30,r50c31,r50c32,r50c33,r50c34,r50c35,r50c36,r50c37,r50c38,r50c39,r50c40
r51c1,r51c2,r51c3,r51c4,r51c5,r51c6,r51c7,r51c8,r51c9,r51c10,r51c11,r51c12,r51c13,r51c14,r51c15,r51c16,r51c17,r51c18,r51c19,r51c20,r51c21,r51c22,r51c23,r51c24,r51c25,r51c26,r51c27,r51c28,r51c29,r51c30,r51c31,r51c32,r51c33,r51c34,r51c35,r51c36,r51c37,r51c38,r51c39,r51c40
r52c1,r52c2,r52c3,r52c4,r52c5,r52c6,r52c7,r52c8,r52c9,r52c10,r52c11,r52c12,r52c13,r52c14,r52c15,r52c16,r52c17,r52c18,r52c19,r52c20,r52c21,r52c22,r52c23,r52c24,r52c25,r52c26,r52c27,r52c28,r52c29,r52c30,r52c31,r52c32,r52c33,r52c34,r52c35,r52c36,r52c37,r52c38,r52c39,r52c40
r53c1,r53c2,r53c3,r53c4,r53c5,r53c6,r53c7,r53c8,r53c9,r53c10,r53c11,r53c12,r53c13,r53c14,r53c15,r53c16,r53c17,r53c18,r53c19,r53c20,r53c21,r53c22,r53c23,r53c24,r53c25,r53c26,r53c27,r53c28,r53c29,r53c30,r53c31,r53c32,r53c33,r53c34,r53c35,r53c36,r53c37,r53c38,r53c39,r53c40
r54c1,r54c2,r54c3,r54c4,r54c5,r54c6,r54c7,r54c8,r54c9,r54c10,r54c11,r54c12,r54c13,r54c14,r54c15,r54c16,r54c17,r54c18,r54c19,r54c20,r54c21,r54c22,r54c23,r54c24,r54c25,r54c26,r54c27,r54c28,r54c29,r54c30,r54c31,r54c32,r54c33,r54c34,r54c35,r54c36,r54c37,r54c38,r54c39,r54c40
r55c1,r55c2,r55c3,r55c4,r55c5,r55c6,r55c7,r55c8,r55c9,r55c10,r55c11,r55c12,r55c13,r55c14,r55c15,r55c16,r55c17,r55c18,r55c19,r55c20,r55c21,r55c22,r55c23,r55c24,r55c25,r55c26,r55c27,r55c28,r55c29,r55c30,r55c31,r55c32,r55c33,r55c34,r55c35,r55c36,r55c37,r55c38,r55c39,r55c40
r56c1,r56c2,r56c3,r56c4,r56c5,r56c6,r56c7,r56c8,r56c9,r56c10,r56c11,r56c12,r56c13,r56c14,r56c15,r56c16,r56c17,r56c18,r56c19,r56c20,r56c21,r56c22,r56c23,r56c24,r56c25,r56c26,r56c27,r56c28,r56c29,r56c30,r56c31,r56c32,r56c33,r56c34,r56c35,r56c36,r56c37,r56c38,r56c39,r56c40
r57c1,r57c2,r57c3,r57c4,r57c5,r57c6,r57c7,r57c8,r57c9,r57c10,r57c11,r57c12,r57c13,r57c14,r57c15,r57c16,r57c17,r57c18,r57c19,r57c20,r57c21,r57c22,r57c23,r57c24,r57c25,r57c26,r57c27,r57c28,r57c29,r57c30,r57c31,r57c32,r57c33,r57c34,r57c35,r57c36,r57c37,r57c38,r57c39,r57c40
r58c1,r58c2,r58c3,r58c4,r58c5,r58c6,r58c7,r58c8,r58c9,r58c10,r58c11,r58c12,r58c13,r58c14,r58c15,r58c16,r58c17,r58c18,r58c19,r58c20,r58c21,r58c22,r58c23,r58c24,r58c25,r58c26,r58c27,r58c28,r58c29,r58c30,r58c31,r58c32,r58c33,r58c34,r58c35,r58c36,r58c37,r58c38,r58c39,r58c40
r59c1,r59c2,r59c3,r59c4,r59c5,r59c6,r59c7,r59c8,r59c9,r59c10,r59c11,r59c12,r59c13,r59c14,r59c15,r59c16,r59c17,r59c18,r59c19,r59c20,r59c21,r59c22,r59c23,r59c24,r59c25,r59c26,r59c27,r59c28,r59c29,r59c30,r59c31,r59c32,r59c33,r59c34,r59c35,r59c36,r59c37,r59c38,r59c39,r59c40
r60c1,r60c2,r60c3,r60c4,r60c5,r60c6,r60c7,r60c8,r60c9,r60c10,r60c11,r60c12,r60c13,r60c14,r60c15,r60c16,r60c17,r60c18,r60c19,r60c20,r60c21,r60c22,r60c23,r60c24,r60c25,r60c26,r60c27,r60c28,r60c29,r60c30,r60c31,r60c32,r60c33,r60c34,r60c35,r60c36,r60c37,r60c38,r60c39,r60c40
r61c1,r61c2,r61c3,r61c4,r61c5,r61c6,r61c7,r61c8,r61c9,r61c10,r61c11,r61c12,r61c13,r61c14,r61c15,r61c16,r61c17,r61c18,r61c19,r61c20,r61c21,r61c22,r61c23,r61c24,r61c25,r61c26,r61c27,r61c28,r61c29,r61c30,r61c31,r61c32,r61c33,r61c34,r61c35,r61c36,r61c37,r61c38,r61c39,r61c40
r62c1,r62c2,r62c3,r62c4,r62c5,r62c6,r62c7,r62c8,r62c9,r62c10,r62c11,r62c12,r62c13,r62c14,r62c15,r62c16,r62c17,r62c18,r62c19,r62c20,r62c21,r62c22,r62c23,r62c24,r62c25,r62c26,r62c27,r62c28,r62c29,r62c30,r62c31,r62c32,r62c33,r62c34,r62c35,r62c36,r62c37,r62c38,r62c39,r62c40
r63c1,r63c2,r63c3,r63c4,r63c5,r63c6,r63c7,r63c8,r63c9,r63c10,r63c11,r63c12,r63c13,r63c14,r63c15,r63c16,r63c17,r63c18,r63c19,r63c20,r63c21,r63c22,r63c23,r63c24,r63c25,r63c26,r63c27,r63c28,r63c29,r63c30,r63c31,r63c32,r63c33,r63c34,r63c35,r63c36,r63c37,r63c38,r63c39,r63c40
r64c1,r64c2,r64c3,r64c4,r64c5,r64c6,r64c7,r64c8,r64c9,r64c10,r64c11,r64c12,r64c13,r64c14,r64c15,r64c16,r64c17,r64c18,r64c19,r64c20,r64c21,r64c22,r64c23,r64c24,r64c25,r64c26,r64c27,r64c28,r64c29,r64c30,r64c31,r64c32,r64c33,r64c34,r64c35,r64c36,r64c37,r64c38,r64c39,r64c40
r65c1,r65c2,r65c3,r65c4,r65c5,r65c6,r65c7,r65c8,r65c9,r65c10,r65c11,r65c12,r65c13,r65c14,r65c15,r65c16,r65c17,r65c18,r65c19,r65c20,r65c21,r65c22,r65c23,r65c24,r65c25,r65c26,r65c27,r65c28,r65c29,r65c30,r65c31,r65c32,r65c33,r65c34,r65c35,r65c36,r65c37,r65c38,r65c39,r65c40
r66c1,r66c2,r66c3,r66c4,r66c5,r66c6,r66c7,r66c8,r66c9,r66c10,r66c11,r66c12,r66c13,r66c14,r66c15,r66c16,r66c17,r66c18,r66c19,r66c20,r66c21,r66c22,r66c23,r66c24,r66c25,r66c26,r66c27,r66c28,r66c29,r66c30,r66c31,r66c32,r66c33,r66c34,r66c35,r66c36,r66c37,r66c38,r66c39,r66c40
r67c1,r67c2,r67c3,r67c4,r67c5,r67c6,r67c7,r67c8,r67c9,r67c10,r67c11,r67c12,r67c13,r67c14,r67c15,r67c16,r67c17,r67c18,r67c19,r67c20,r67c21,r67c22,r67c23,r67c24,r67c25,r67c26,r67c27,r67c28,r67c29,r67c30,r67c31,r67c32,r67c33,r67c34,r67c35,r67c36,r67c37,r67c38,r67c39,r67c40
r68c1,r68c2,r68c3,r68c4,r68c5,r68c6,r68c7,r68c8,r68c9,r68c10,r68c11,r68c12,r68c13,r68c14,r68c15,r68c16,r68c17,r68c18,r68c19,r68c20,r68c21,r68c22,r68c23,r68c24,r68c25,r68c26,r68c27,r68c28,r68c29,r68c30,r68c31,r68c32,r68c33,r68c34,r68c35,r68c36,r68c37,r68c38,r68c39,r68c40
r69c1,r69c2,r69c3,r69c4,r69c5,r69c6,r69c7,r69c8,r69c9,r69c10,r69c11,r69c12,r69c13,r69c14,r69c15,r69c16,r69c17,r69c18,r69c19,r69c20,r69c21,r69c22,r69c23,r69c24,r69c25,r69c26,r69c27,r69c28,r69c29,r69c30,r69c31,r69c32,r69c33,r69c34,r69c35,r69c36,r69c37,r69c38,r69c39,r69c40
r70c1,r70c2,r70c3,r70c4,r70c5,r70c6,r70c7,r70c8,r70c9,r70c10,r70c11,r70c12,r70c13,r70c14,r70c15,r70c16,r70c17,r70c18,r70c19,r70c20,r70c21,r70c22,r70c23,r70c24,r70c25,r70c26,r70c27,r70c28,r70c29,r70c30,r70c31,r70c32,r70c33,r70c34,r70c35,r70c36,r70c37,r70c38,r70c39,r70c40
r71c1,r71c2,r71c3,r71c4,r71c5,r71c6,r71c7,r71c8,r71c9,r71c10,r71c11,r71c12,r71c13,r71c14,r71c15,r71c16,r71c17,r71c18,r71c19,r71c20,r71c21,r71c22,r71c23,r71c24,r71c25,r71c26,r71c27,r71c28,r71c29,r71c30,r71c31,r71c32,r71c33,r71c34,r71c35,r71c36,r71c37,r71c38,r71c39,r71c40
r72c1,r72c2,r72c3,r72c4,r72c5,r72c6,r72c7,r72c8,r72c9,r72c10,r72c11,r72c12,r72c13,r72c14,r72c15,r72c16,r72c17,r72c18,r72c19,r72c20,r72c21,r72c22,r72c23,r72c24,r72c25,r72c26,r72c27,r72c28,r72c29,r72c30,r72c31,r72c32,r72c33,r72c34,r72c35,r72c36,r72c37,r72c38,r72c39,r72c40
r73c1,r73c2,r73c3,r73c4,r73c5,r73c6,r73c7,r73c8,r73c9,r73c10,r73c11,r73c12,r73c13,r73c14,r73c15,r73c16,r73c17,r73c18,r73c19,r73c20,r73c21,r73c22,r73c23,r73c24,r73c25,r73c26,r73c27,r73c28,r73c29,r73c30,r73c31,r73c32,r73c33,r73c34,r73c35,r73c36,r73c37,r73c38,r73c39,r73c40
r74c1,r74c2,r74c3,r74c4,r74c5,r74c6,r74c7,r74c8,r74c9,r74c10,r74c11,r74c12,r74c13,r74c14,r74c15,r74c16,r74c17,r74c18,r74c19,r74c20,r74c21,r74c22,r74c23,r74c24,r74c25,r74c26,r74c27,r74c28,r74c29,r74c30,r74c31,r74c32,r74c33,r74c34,r74c35,r74c36,r74c37,r74c38,r74c39,r74c40
r75c1,r75c2,r75c3,r75c4,r75c5,r75c6,r75c7,r75c8,r75c9,r75c10,r75c11,r75c12,r75c13,r75c14,r75c15,r75c16,r75c17,r75c18,r75c19,r75c20,r75c21,r75c22,r75c23,r75c24,r75c25,r75c26,r75c27,r75c28,r75c29,r75c30,r75c31,r75c32,r75c33,r75c34,r75c35,r75c36,r75c37,r75c38,r75c39,r75c40
r76c1,r76c2,r76c3,r76c4,r76c5,r76c6,r76c7,r76c8,r76c9,r76c10,r76c11,r76c12,r76c13,r76c14,r76c15,r76c16,r76c17,r76c18,r76c19,r76c20,r76c21,r76c22,r76c23,r76c24,r76c25,r76c26,r76c27,r76c28,r76c29,r76c30,r76c31,r76c32,r76c33,r76c34,r76c35,r76c36,r76c37,r76c38,r76c39,r76c40
r77c1,r77c2,r77c3,r77c4,r77c5,r77c6,r77c7,r77c8,r77c9,r77c10,r77c11,r77c12,r77c13,r77c14,r77c15,r77c16,r77c17,r77c18,r77c19,r77c20,r77c21,r77c22,r77c23,r77c24,r77c25,r77c26,r77c27,r77c28,r77c29,r77c30,r77c31,r77c32,r77c33,r77c34,r77c35,r77c36,r77c37,r77c38,r77c39,r77c40
r78c1,r78c2,r78c3,r78c4,r78c5,r78c6,r78c7,r78c8,r78c9,r78c10,r78c11,r78c12,r78c13,r78c14,r78c15,r78c16,r78c17,r78c18,r78c19,r78c20,r78c21,r78c22,r78c23,r78c24,r78c25,r78c26,r78c27,r78c28,r78c29,r78c30,r78c31,r78c32,r78c33,r78c34,r78c35,r78c36,r78c37,r78c38,r78c39,r78c40
r79c1,r79c2,r79c3,r79c4,r79c5,r79c6,r79c7,r79c8,r79c9,r79c10,r79c11,r79c12,r79c13,r79c14,r79c15,r79c16,r79c17,r79c18,r79c19,r79c20,r79c21,r79c22,r79c23,r79c24,r79c25,r79c26,r79c27,r79c28,r79c29,r79c30,r79c31,r79c32,r79c33,r79c34,r79c35,r79c36,r79c37,r79c38,r79c39,r79c40
r80c1,r80c2,r80c3,r80c4,r80c5,r80c6,r80c7,r80c8,r80c9,r80c10,r80c11,r80c12,r80c13,r80c14,r80c15,r80c16,r80c17,r80c18,r80c19,r80c20,r80c21,r80c22,r80c23,r80c24,r80c25,r80c26,r80c27,r80c28,r80c29,r80c30,r80c31,r80c32,r80c33,r80c34,r80c35,r80c36,r80c37,r80c38,r80c39,r80c40
r81c1,r81c2,r81c3,r81c4,r81c5,r81c6,r81c7,r81c8,r81c9,r81c10,r81c11,r81c12,r81c13,r81c14,r81c15,r81c16,r81c17,r81c18,r81c19,r81c20,r81c21,r81c22,r81c23,r81c24,r81c25,r81c26,r81c27,r81c28,r81c29,r81c30,r81c31,r81c32,r81c33,r81c34,r81c35,r81c36,r81c37,r81c38,r81c39,r81c40
r82c1,r82c2,r82c3,r82c4,r82c5,r82c6,r82c7,r82c8,r82c9,r82c10,r82c11,r82c12,r82c13,r82c14,r82c15,r82c16,r82c17,r82c18,r82c19,r82c20,r82c21,r82c22,r82c23,r82c24,r82c25,r82c26,r82c27,r82c28,r82c29,r82c30,r82c31,r82c32,r82c33,r82c34,r82c35,r82c36,r82c37,r82c38,r82c39,r82c40
r83c1,r83c2,r83c3,r83c4,r83c5,r83c6,r83c7,r83c8,r83c9,r83c10,r83c11,r83c12,r83c13,r83c14,r83c15,r83c16,r83c17,r83c18,r83c19,r83c20,r83c21,r83c22,r83c23,r83c24,r83c25,r83c26,r83c27,r83c28,r83c29,r83c30,r83c31,r83c32,r83c33,r83c34,r83c35,r83c36,r83c37,r83c38,r83c39,r83c40
r84c1,r84c2,r84c3,r84c4,r84c5,r84c6,r84c7,r84c8,r84c9,r84c10,r84c11,r84c12,r84c13,r84c14,r84c15,r84c16,r84c17,r84c18,r84c19,r84c20,r84c21,r84c22,r84c23,r84c24,r84c25,r84c26,r84c27,r84c28,r84c29,r84c30,r84c31,r84c32,r84c33,r84c34,r84c35,r84c36,r84c37,r84c38,r84c39,r84c40
r85c1,r85c2,r85c3,r85c4,r85c5,r85c6,r85c7,r85c8,r85c9,r85c10,r85c11,r85c12,r85c13,r85c14,r85c15,r85c16,r85c17,r85c18,r85c19,r85c20,r85c21,r85c22,r85c23,r85c24,r85c25,r85c26,r85c27,r85c28,r85c29,r85c30,r85c31,r85c32,r85c33,r85c34,r85c35,r85c36,r85c37,r85c38,r85c39,r85c40
r86c1,r86c2,r86c3,r86c4,r86c5,r86c6,r86c7,r86c8,r86c9,r86c10,r86c11,r86c12,r86c13,r86c14,r86c15,r86c16,r86c17,r86c18,r86c19,r86c20,r86c21,r86c22,r86c23,r86c24,r86c25,r86c26,r86c27,r86c28,r86c29,r86c30,r86c31,r86c32,r86c33,r86c34,r86c35,r86c36,r86c37,r86c38,r86c39,r86c40
r87c1,r87c2,r87c3,r87c4,r87c5,r87c6,r87c7,r87c8,r87c9,r87c10,r87c11,r87c12,r87c13,r87c14,r87c15,r87c16,r87c17,r87c18,r87c19,r87c20,r87c21,r87c22,r87c23,r87c24,r87c25,r87c26,r87c27,r87c28,r87c29,r87c30,r87c31,r87c32,r87c33,r87c34,r87c35,r87c36,r87c37,r87c38,r87c39,r87c40
r88c1,r88c2,r88c3,r88c4,r88c5,r88c6,r88c7,r88c8,r88c9,r88c10,r88c11,r88c12,r88c13,r88c14,r88c15,r88c16,r88c17,r88c18,r88c19,r88c20,r88c21,r88c22,r88c23,r88c24,r88c25,r88c26,r88c27,r88c28,r88c29,r88c30,r88c31,r88c32,r88c33,r88c34,r88c35,r88c36,r88c37,r88c38,r88c39,r88c40
r89c1,r89c2,r89c3,r89c4,r89c5,r89c6,r89c7,r89c8,r89c9,r89c10,r89c11,r89c12,r89c13,r89c14,r89c15,r89c16,r89c17,r89c18,r89c19,r89c20,r89c21,r89c22,r89c23,r89c24,r89c25,r89c26,r89c27,r89c28,r89c29,r89c30,r89c31,r89c32,r89c33,r89c34,r89c35,r89c36,r89c37,r89c38,r89c39,r89c40
r90c1,r90c2,r90c3,r90c4,r90c5,r90c6,r90c7,r90c8,r90c9,r90c10,r90c11,r90c12,r90c13,r90c14,r90c15,r90c16,r90c17,r90c18,r90c19,r90c20,r90c21,r90c22,r90c23,r90c24,r90c25,r90c26,r90c27,r90c28,r90c29,r90c30,r90c31,r90c32,r90c33,r90c34,r90c35,r90c36,r90c37,r90c38,r90c39,r90c40
r91c1,r91c2,r91c3,r91c4,r91c5,r91c6,r91c7,r91c8,r91c9,r91c10,r91c11,r91c12,r91c13,r91c14,r91c15,r91c16,r91c17,r91c18,r91c19,r91c20,r91c21,r91c22,r91c23,r91c24,r91c25,r91c26,r91c27,r91c28,r91c29,r91c30,r91c31,r91c32,r91c33,r91c34,r91c35,r91c36,r91c37,r91c38,r91c39,r91c40
r92c1,r92c2,r92c3,r92c4,r92c5,r92c6,r92c7,r92c8,r92c9,r92c10,r92c11,r92c12,r92c13,r92c14,r92c15,r92c16,r92c17,r92c18,r92c19,r92c20,r92c21,r92c22,r92c23,r92c24,r92c25,r92c26,r92c27,r92c28,r92c29,r92c30,r92c31,r92c32,r92c33,r92c34,r92c35,r92c36,r92c37,r92c38,r92c39,r92c40
r93c1,r93c2,r93c3,r93c4,r93c5,r93c6,r93c7,r93c8,r93c9,r93c10,r93c11,r93c12,r93c13,r93c14,r93c15,r93c16,r93c17,r93c18,r93c19,r93c20,r93c21,r93c22,r93c23,r93c24,r93c25,r93c26,r93c27,r93c28,r93c29,r93c30,r93c31,r93c32,r93c33,r93c34,r93c35,r93c36,r93c37,r93c38,r93c39,r93c40
r94c1,r94c2,r94c3,r94c4,r94c5,r94c6,r94c7,r94c8,r94c9,r94c10,r94c11,r94c12,r94c13,r94c14,r94c15,r94c16,r94c17,r94c18,r94c19,r94c20,r94c21,r94c22,r94c23,r94c24,r94c25,r94c26,r94c27,r94c28,r94c29,r94c30,r94c31,r94c32,r94c33,r94c34,r94c35,r94c36,r94c37,r94c38,r94c39,r94c40
r95c1,r95c2,r95c3,r95c4,r95c5,r95c6,r95c7,r95c8,r95c9,r95c10,r95c11,r95c12,r95c13,r95c14,r95c15,r95c16,r95c17,r95c18,r95c19,r95c20,r95c21,r95c22,r95c23,r95c24,r95c25,r95c26,r95c27,r95c28,r95c29,r95c30,r95c31,r95c32,r95c33,r95c34,r95c35,r95c36,r95c37,r95c38,r95c39,r95c40
r96c1,r96c2,r96c3,r96c4,r96c5,r96c6,r96c7,r96c8,r96c9,r96c10,r96c11,r96c12,r96c13,r96c14,r96c15,r96c16,r96c17,r96c18,r96c19,r96c20,r96c21,r96c22,r96c23,r96c24,r96c25,r96c26,r96c27,r96c28,r96c29,r96c30,r96c31,r96c32,r96c33,r96c34,r96c35,r96c36,r96c37,r96c38,r96c39,r96c40
r97c1,r97c2,r97c3,r97c4,r97c5,r97c6,r97c7,r97c8,r97c9,r97c10,r97c11,r97c12,r97c13,r97c14,r97c15,r97c16,r97c17,r97c18,r97c19,r97c20,r97c21,r97c22,r97c23,r97c24,r97c25,r97c26,r97c27,r97c28,r97c29,r97c30,r97c31,r97c32,r97c33,r97c34,r97c35,r97c36,r97c37,r97c38,r97c39,r97c40
r98c1,r98c2,r98c3,r98c4,r98c5,r98c6,r98c7,r98c8,r98c9,r98c10,r98c11,r98c12,r98c13,r98c14,r98c15,r98c16,r98c17,r98c18,r98c19,r98c20,r98c21,r98c22,r98c23,r98c24,r98c25,r98c26,r98c27,r98c28,r98c29,r98c30,r98c31,r98c32,r98c33,r98c34,r98c35,r98c36,r98c37,r98c38,r98c39,r98c40
r99c1,r99c2,r99c3,r99c4,r99c5,r99c6,r99c7,r99c8,r99c9,r99c10,r99c11,r99c12,r99c13,r99c14,r99c15,r99c16,r99c17,r99c18,r99c19,r99c20,r99c21,r99c22,r99c23,r99c24,r99c25,r99c26,r99c27,r99c28,r99c29,r99c30,r99c31,r99c32,r99c33,r99c34,r99c35,r99c36,r99c37,r99c38,r99c39,r99c40
r100c1,r100c2,r100c3,r100c4,r100c5,r100c6,r100c7,r100c8,r100c9,r100c10,r100c11,r100c12,r100c13,r100c14,r100c15,r100c16,r100c17,r100c18,r100c19,r100c20,r100c21,r100c22,r100c23,r100c24,r100c25,r100c26,r100c27,r100c28,r100c29,r100c30,r100c31,r100c32,r100c33,r100c34,r100c35,r100c36,r100c37,r100c38,r100c39,r100c40
r101c1,r101c2,r101c3,r101c4,r101c5,r101c6,r101c7,r101c8,r101c9,r101c10,r101c11,r101c12,r101c13,r101c14,r101c15,r101c16,r101c17,r101c18,r101c19,r101c20,r101c21,r101c22,r101c23,r101c24,r101c25,r101c26,r101c27,r101c28,r101c29,r101c30,r101c31,r101c32,r101c33,r101c34,r101c35,r101c36,r101c37,r101c38,r101c39,r101c40
r102c1,r102c2,r102c3,r102c4,r102c5,r102c6,r102c7,r102c8,r102c9,r102c10,r102c11,r102c12,r102c13,r102c14,r102c15,r102c16,r102c17,r102c18,r102c19,r102c20,r102c21,r102c22,r102c23,r102c24,r102c25,r102c26,r102c27,r102c28,r102c29,r102c30,r102c31,r102c32,r102c33,r102c34,r102c35,r102c36,r102c37,r102c38,r102c39,r102c40
r103c1,r103c2,r103c3,r103c4,r103c5,r103c6,r103c7,r103c8,r103c9,r103c10,r103c11,r103c12,r103c13,r103c14,r103c15,r103c16,r103c17,r103c18,r103c19,r103c20,r103c21,r103c22,r103c23,r103c24,r103c25,r103c26,r103c27,r103c28,r103c29,r103c30,r103c31,r103c32,r103c33,r103c34,r103c35,r103c36,r103c37,r103c38,r103c39,r103c40
r104c1,r104c2,r104c3,r104c4,r104c5,r104c6,r104c7,r104c8,r104c9,r104c10,r104c11,r104c12,r104c13,r104c14,r104c15,r104c16,r104c17,r104c18,r104c19,r104c20,r104c21,r104c22,r104c23,r104c24,r104c25,r104c26,r104c27,r104c28,r104c29,r104c30,r104c31,r104c32,r104c33,r104c34,r104c35,r104c36,r104c37,r104c38,r104c39,r104c40
r105c1,r105c2,r105c3,r105c4,r105c5,r105c6,r105c7,r105c8,r105c9,r105c10,r105c11,r105c12,r105c13,r105c14,r105c15,r105c16,r105c17,r105c18,r105c19,r105c20,r105c21,r105c22,r105c23,r105c24,r105c25,r105c26,r105c27,r105c28,r105c29,r105c30,r105c31,r105c32,r105c33,r105c34,r105c35,r105c36,r105c37,r105c38,r105c39,r105c40
r106c1,r106c2,r106c3,r106c4,r106c5,r106c6,r106c7,r106c8,r106c9,r106c10,r106c11,r106c12,r106c13,r106c14,r106c15,r106c16,r106c17,r106c18,r106c19,r106c20,r106c21,r106c22,r106c23,r106c24,r106c25,r106c26,r106c27,r106c28,r106c29,r106c30,r106c31,r106c32,r106c33,r106c34,r106c35,r106c36,r106c37,r106c38,r106c39,r106c40
r107c1,r107c2,r107c3,r107c4,r107c5,r107c6,r107c7,r107c8,r107c9,r107c10,r107c11,r107c12,r107c13,r107c14,r107c15,r107c16,r107c17,r107c18,r107c19,r107c20,r107c21,r107c22,r107c23,r107c24,r107c25,r107c26,r107c27,r107c28,r107c29,r107c30,r107c31,r107c32,r107c33,r107c34,r107c35,r107c36,r107c37,r107c38,r107c39,r107c40
r108c1,r108c2,r108c3,r108c4,r108c5,r108c6,r108c7,r108c8,r108c9,r108c10,r108c11,r108c12,r108c13,r108c14,r108c15,r108c16,r108c17,r108c18,r108c19,r108c20,r108c21,r108c22,r108c23,r108c24,r108c25,r108c26,r108c27,r108c28,r108c29,r108c30,r108c31,r108c32,r108c33,r108c34,r108c35,r108c36,r108c37,r108c38,r108c39,r108c40
r109c1,r109c2,r109c3,r109c4,r109c5,r109c6,r109c7,r109c8,r109c9,r109c10,r109c11,r109c12,r109c13,r109c14,r109c15,r109c16,r109c17,r109c18,r109c19,r109c20,r109c21,r109c22,r109c23,r109c24,r109c25,r109c26,r109c27,r109c28,r109c29,r109c30,r109c31,r109c32,r109c33,r109c34,r109c35,r109c36,r109c37,r109c38,r109c39,r109c40
r110c1,r110c2,r110c3,r110c4,r110c5,r110c6,r110c7,r110c8,r110c9,r110c10,r110c11,r110c12,r110c13,r110c14,r110c15,r110c16,r110c17,r110c18,r110c19,r110c20,r110c21,r110c22,r110c23,r110c24,r110c25,r110c26,r110c27,r110c28,r110c29,r110c30,r110c31,r110c32,r110c33,r110c34,r110c35,r110c36,r110c37,r110c38,r110c39,r110c40
r111c1,r111c2,r111c3,r111c4,r111c5,r111c6,r111c7,r111c8,r111c9,r111c10,r111c11,r111c12,r111c13,r111c14,r111c15,r111c16,r111c17,r111c18,r111c19,r111c20,r111c21,r111c22,r111c23,r111c24,r111c25,r111c26,r111c27,r111c28,r111c29,r111c30,r111c31,r111c32,r111c33,r111c34,r111c35,r111c36,r111c37,r111c38,r111c39,r111c40
r112c1,r112c2,r112c3,r112c4,r112c5,r112c6,r112c7,r112c8,r112c9,r112c10,r112c11,r112c12,r112c13,r112c14,r112c15,r112c16,r112c17,r112c18,r112c19,r112c20,r112c21,r112c22,r112c23,r112c24,r112c25,r112c26,r112c27,r112c28,r112c29,r112c30,r112c31,r112c32,r112c33,r112c34,r112c35,r112c36,r112c37,r112c38,r112c39,r112c40
r113c1,r113c2,r113c3,r113c4,r113c5,r113c6,r113c7,r113c8,r113c9,r113c10,r113c11,r113c12,r113c13,r113c14,r113c15,r113c16,r113c17,r113c18,r113c19,r113c20,r113c21,r113c22,r113c23,r113c24,r113c25,r113c26,r113c27,r113c28,r113c29,r113c30,r113c31,r113c32,r113c33,r113c34,r113c35,r113c36,r113c37,r113c38,r113c39,r113c40
r114c1,r114c2,r114c3,r114c4,r114c5,r114c6,r114c7,r114c8,r114c9,r114c10,r114c11,r114c12,r114c13,r114c14,r114c15,r114c16,r114c17,r114c18,r114c19,r114c20,r114c21,r114c22,r114c23,r114c24,r114c25,r114c26,r114c27,r114c28,r114c29,r114c30,r114c31,r114c32,r114c33,r114c34,r114c35,r114c36,r114c37,r114c38,r114c39,r114c40
r115c1,r115c2,r115c3,r115c4,r115c5,r115c6,r115c7,r115c8,r115c9,r115c10,r115c11,r115c12,r115c13,r115c14,r115c15,r115c16,r115c17,r115c18,r115c19,r115c20,r115c21,r115c22,r115c23,r115c24,r115c25,r115c26,r115c27,r115c28,r115c29,r115c30,r115c31,r115c32,r115c33,r115c34,r115c35,r115c36,r115c37,r115c38,r115c39,r115c40
r116c1,r116c2,r116c3,r116c4,r116c5,r116c6,r116c7,r116c8,r116c9,r116c10,r116c11,r116c12,r116c13,r116c14,r116c15,r116c16,r116c17,r116c18,r116c19,r116c20,r116c21,r116c22,r116c23,r116c24,r116c25,r116c26,r116c27,r116c28,r116c29,r116c30,r116c31,r116c32,r116c33,r116c34,r116c35,r116c36,r116c37,r116c38,r116c39,r116c40
r117c1,r117c2,r117c3,r117c4,r117c5,r117c6,r117c7,r117c8,r117c9,r117c10,r117c11,r117c12,r117c13,r117c14,r117c15,r117c16,r117c17,r117c18,r117c19,r117c20,r117c21,r117c22,r117c23,r117c24,r117c25,r117c26,r117c27,r117c28,r117c29,r117c30,r117c31,r117c32,r117c33,r117c34,r117c35,r117c36,r117c37,r117c38,r117c39,r117c40
r118c1,r118c2,r118c3,r118c4,r118c5,r118c6,r118c7,r118c8,r118c9,r118c10,r118c11,r118c12,r118c13,r118c14,r118c15,r118c16,r118c17,r118c18,r118c19,r118c20,r118c21,r118c22,r118c23,r118c24,r118c25,r118c26,r118c27,r118c28,r118c29,r118c30,r118c31,r118c32,r118c33,r118c34,r118c35,r118c36,r118c37,r118c38,r118c39,r118c40
r119c1,r119c2,r119c3,r119c4,r119c5,r119c6,r119c7,r119c8,r119c9,r119c10,r119c11,r119c12,r119c13,r119c14,r119c15,r119c16,r119c17,r119c18,r119c19,r119c20,r119c21,r119c22,r119c23,r119c24,r119c25,r119c26,r119c27,r119c28,r119c29,r119c30,r119c31,r119c32,r119c33,r119c34,r119c35,r119c36,r119c37,r119c38,r119c39,r119c40
r120c1,r120c2,r120c3,r120c4,r120c5,r120c6,r120c7,r120c8,r120c9,r120c10,r120c11,r120c12,r120c13,r120c14,r120c15,r120c16,r120c17,r120c18,r120c19,r120c20,r120c21,r120c22,r120c23,r120c24,r120c25,r120c26,r120c27,r120c28,r120c29,r120c30,r120c31,r120c32,r120c33,r120c34,r120c35,r120c36,r120c37,r120c38,r120c39,r120c40
